texto,emocion,texto_limpio
vi televisión un rato,neutral,vi televisión rato
nada tiene sentido,negativo,
llovió un poco en la tarde,neutral,llovió tarde
me encanta cuando todo sale bien,positivo,encanta sale bien
siento mucha rabia por lo que pasó,negativo,siento mucha rabia pasó
la música me pone de buen humor,positivo,música pone buen humor
me siento agradecido,positivo,siento agradecido
logré lo que me propuse,positivo,logré propuse
estoy emocionado por la fiesta,positivo,emocionado fiesta
me siento con mucha energía,positivo,siento mucha energía
"me duele todo, física y emocionalmente",negativo,duele física emocionalmente
me siento amado y valorado,positivo,siento amado valorado
me encanta cuando todo sale bien,positivo,encanta sale bien
siento mucha rabia por lo que pasó,negativo,siento mucha rabia pasó
me siento amado y valorado,positivo,siento amado valorado
odio que todo salga mal,negativo,odio salga mal
me siento terrible,negativo,siento terrible
me siento terrible,negativo,siento terrible
nada tiene sentido,negativo,
estoy muy cansado y triste,negativo,cansado triste
siento mucha rabia por lo que pasó,negativo,siento mucha rabia pasó
no pasó nada especial,neutral,pasó especial
estoy muy cansado y triste,negativo,cansado triste
me siento con mucha energía,positivo,siento mucha energía
me siento solo y vacío,negativo,siento solo vacío
me siento terrible,negativo,siento terrible
me siento terrible,negativo,siento terrible
me puse a trabajar en la computadora,neutral,puse trabajar computadora
me siento agradecido,positivo,siento agradecido
vi televisión un rato,neutral,vi televisión rato
hoy estoy muy feliz,positivo,hoy feliz
odio que todo salga mal,negativo,odio salga mal
todo me sale mal,negativo,sale mal
logré lo que me propuse,positivo,logré propuse
nada tiene sentido,negativo,
me siento solo y vacío,negativo,siento solo vacío
me siento terrible,negativo,siento terrible
qué bonito día para salir,positivo,bonito día salir
qué bonito día para salir,positivo,bonito día salir
odio que todo salga mal,negativo,odio salga mal
logré lo que me propuse,positivo,logré propuse
me puse a trabajar en la computadora,neutral,puse trabajar computadora
estoy muy cansado y triste,negativo,cansado triste
hice las tareas normales del día,neutral,hice tareas normales día
hice las tareas normales del día,neutral,hice tareas normales día
vi televisión un rato,neutral,vi televisión rato
no pasó nada especial,neutral,pasó especial
siento mucha rabia por lo que pasó,negativo,siento mucha rabia pasó
"me duele todo, física y emocionalmente",negativo,duele física emocionalmente
me puse a trabajar en la computadora,neutral,puse trabajar computadora
estoy muy cansado y triste,negativo,cansado triste
llovió un poco en la tarde,neutral,llovió tarde
nada tiene sentido,negativo,
siento mucha rabia por lo que pasó,negativo,siento mucha rabia pasó
qué día tan horrible,negativo,día tan horrible
fui al supermercado,neutral,supermercado
qué bonito día para salir,positivo,bonito día salir
todo me sale mal,negativo,sale mal
siento mucha rabia por lo que pasó,negativo,siento mucha rabia pasó
me puse a trabajar en la computadora,neutral,puse trabajar computadora
me puse a trabajar en la computadora,neutral,puse trabajar computadora
odio que todo salga mal,negativo,odio salga mal
hoy estoy muy feliz,positivo,hoy feliz
almorcé lo de siempre,neutral,almorcé siempre
llovió un poco en la tarde,neutral,llovió tarde
almorcé lo de siempre,neutral,almorcé siempre
me puse a trabajar en la computadora,neutral,puse trabajar computadora
hoy fue un día cualquiera,neutral,hoy día cualquiera
me siento agradecido,positivo,siento agradecido
hoy fue un día cualquiera,neutral,hoy día cualquiera
fui al supermercado,neutral,supermercado
qué bonito día para salir,positivo,bonito día salir
almorcé lo de siempre,neutral,almorcé siempre
me encontré con un vecino,neutral,encontré vecino
vi televisión un rato,neutral,vi televisión rato
almorcé lo de siempre,neutral,almorcé siempre
me encanta cuando todo sale bien,positivo,encanta sale bien
siento mucha rabia por lo que pasó,negativo,siento mucha rabia pasó
me encontré con un vecino,neutral,encontré vecino
no pasó nada especial,neutral,pasó especial
salí a caminar un rato,neutral,salí caminar rato
fui al supermercado,neutral,supermercado
qué día tan horrible,negativo,día tan horrible
me encontré con un vecino,neutral,encontré vecino
no pasó nada especial,neutral,pasó especial
estoy muy cansado y triste,negativo,cansado triste
siento mucha rabia por lo que pasó,negativo,siento mucha rabia pasó
hoy estoy muy feliz,positivo,hoy feliz
fui al supermercado,neutral,supermercado
logré lo que me propuse,positivo,logré propuse
fui al supermercado,neutral,supermercado
vi televisión un rato,neutral,vi televisión rato
me puse a trabajar en la computadora,neutral,puse trabajar computadora
"me duele todo, física y emocionalmente",negativo,duele física emocionalmente
"me duele todo, física y emocionalmente",negativo,duele física emocionalmente
me siento amado y valorado,positivo,siento amado valorado
la música me pone de buen humor,positivo,música pone buen humor
me siento terrible,negativo,siento terrible
estoy frustrado,negativo,frustrado
me siento solo y vacío,negativo,siento solo vacío
"me duele todo, física y emocionalmente",negativo,duele física emocionalmente
logré lo que me propuse,positivo,logré propuse
almorcé lo de siempre,neutral,almorcé siempre
me siento amado y valorado,positivo,siento amado valorado
no pasó nada especial,neutral,pasó especial
hoy estoy muy feliz,positivo,hoy feliz
qué bonito día para salir,positivo,bonito día salir
llovió un poco en la tarde,neutral,llovió tarde
fui al supermercado,neutral,supermercado
vi televisión un rato,neutral,vi televisión rato
me encontré con un vecino,neutral,encontré vecino
me puse a trabajar en la computadora,neutral,puse trabajar computadora
estoy emocionado por la fiesta,positivo,emocionado fiesta
me encanta cuando todo sale bien,positivo,encanta sale bien
siento mucha rabia por lo que pasó,negativo,siento mucha rabia pasó
fui al supermercado,neutral,supermercado
estoy muy cansado y triste,negativo,cansado triste
la música me pone de buen humor,positivo,música pone buen humor
salí a caminar un rato,neutral,salí caminar rato
fui al supermercado,neutral,supermercado
me siento amado y valorado,positivo,siento amado valorado
me siento amado y valorado,positivo,siento amado valorado
me siento con mucha energía,positivo,siento mucha energía
me puse a trabajar en la computadora,neutral,puse trabajar computadora
me siento agradecido,positivo,siento agradecido
me siento amado y valorado,positivo,siento amado valorado
llovió un poco en la tarde,neutral,llovió tarde
llovió un poco en la tarde,neutral,llovió tarde
me siento agradecido,positivo,siento agradecido
fui al supermercado,neutral,supermercado
hice las tareas normales del día,neutral,hice tareas normales día
la comida estuvo deliciosa,positivo,comida deliciosa
todo me sale mal,negativo,sale mal
"me duele todo, física y emocionalmente",negativo,duele física emocionalmente
me encontré con un vecino,neutral,encontré vecino
vi televisión un rato,neutral,vi televisión rato
logré lo que me propuse,positivo,logré propuse
me siento solo y vacío,negativo,siento solo vacío
me siento amado y valorado,positivo,siento amado valorado
nada tiene sentido,negativo,
me encanta cuando todo sale bien,positivo,encanta sale bien
la música me pone de buen humor,positivo,música pone buen humor
me siento solo y vacío,negativo,siento solo vacío
me siento solo y vacío,negativo,siento solo vacío
"me duele todo, física y emocionalmente",negativo,duele física emocionalmente
salí a caminar un rato,neutral,salí caminar rato
hice las tareas normales del día,neutral,hice tareas normales día
nada tiene sentido,negativo,
nada tiene sentido,negativo,
qué día tan horrible,negativo,día tan horrible
estoy muy cansado y triste,negativo,cansado triste
me siento terrible,negativo,siento terrible
siento mucha rabia por lo que pasó,negativo,siento mucha rabia pasó
la comida estuvo deliciosa,positivo,comida deliciosa
hoy fue un día cualquiera,neutral,hoy día cualquiera
me encontré con un vecino,neutral,encontré vecino
hice las tareas normales del día,neutral,hice tareas normales día
la comida estuvo deliciosa,positivo,comida deliciosa
logré lo que me propuse,positivo,logré propuse
qué bonito día para salir,positivo,bonito día salir
me encontré con un vecino,neutral,encontré vecino
me siento amado y valorado,positivo,siento amado valorado
me encanta cuando todo sale bien,positivo,encanta sale bien
hice las tareas normales del día,neutral,hice tareas normales día
estoy emocionado por la fiesta,positivo,emocionado fiesta
hoy fue un día cualquiera,neutral,hoy día cualquiera
me siento solo y vacío,negativo,siento solo vacío
nada tiene sentido,negativo,
almorcé lo de siempre,neutral,almorcé siempre
"me duele todo, física y emocionalmente",negativo,duele física emocionalmente
me siento terrible,negativo,siento terrible
me encontré con un vecino,neutral,encontré vecino
hice las tareas normales del día,neutral,hice tareas normales día
me encanta cuando todo sale bien,positivo,encanta sale bien
odio que todo salga mal,negativo,odio salga mal
almorcé lo de siempre,neutral,almorcé siempre
me encanta cuando todo sale bien,positivo,encanta sale bien
qué día tan horrible,negativo,día tan horrible
estoy frustrado,negativo,frustrado
almorcé lo de siempre,neutral,almorcé siempre
siento mucha rabia por lo que pasó,negativo,siento mucha rabia pasó
estoy emocionado por la fiesta,positivo,emocionado fiesta
me siento solo y vacío,negativo,siento solo vacío
estoy muy cansado y triste,negativo,cansado triste
me encontré con un vecino,neutral,encontré vecino
vi televisión un rato,neutral,vi televisión rato
me siento con mucha energía,positivo,siento mucha energía
la comida estuvo deliciosa,positivo,comida deliciosa
todo me sale mal,negativo,sale mal
qué día tan horrible,negativo,día tan horrible
estoy muy cansado y triste,negativo,cansado triste
hoy estoy muy feliz,positivo,hoy feliz
me siento amado y valorado,positivo,siento amado valorado
siento mucha rabia por lo que pasó,negativo,siento mucha rabia pasó
odio que todo salga mal,negativo,odio salga mal
me siento agradecido,positivo,siento agradecido
me siento terrible,negativo,siento terrible
fui al supermercado,neutral,supermercado
llovió un poco en la tarde,neutral,llovió tarde
qué bonito día para salir,positivo,bonito día salir
hoy estoy muy feliz,positivo,hoy feliz
no pasó nada especial,neutral,pasó especial
me encanta cuando todo sale bien,positivo,encanta sale bien
me siento con mucha energía,positivo,siento mucha energía
me puse a trabajar en la computadora,neutral,puse trabajar computadora
fui al supermercado,neutral,supermercado
me puse a trabajar en la computadora,neutral,puse trabajar computadora
me siento con mucha energía,positivo,siento mucha energía
todo me sale mal,negativo,sale mal
vi televisión un rato,neutral,vi televisión rato
hoy estoy muy feliz,positivo,hoy feliz
fui al supermercado,neutral,supermercado
qué bonito día para salir,positivo,bonito día salir
me puse a trabajar en la computadora,neutral,puse trabajar computadora
me siento con mucha energía,positivo,siento mucha energía
estoy frustrado,negativo,frustrado
vi televisión un rato,neutral,vi televisión rato
me puse a trabajar en la computadora,neutral,puse trabajar computadora
qué bonito día para salir,positivo,bonito día salir
estoy frustrado,negativo,frustrado
qué día tan horrible,negativo,día tan horrible
la música me pone de buen humor,positivo,música pone buen humor
la música me pone de buen humor,positivo,música pone buen humor
hice las tareas normales del día,neutral,hice tareas normales día
me siento con mucha energía,positivo,siento mucha energía
estoy emocionado por la fiesta,positivo,emocionado fiesta
vi televisión un rato,neutral,vi televisión rato
nada tiene sentido,negativo,
todo me sale mal,negativo,sale mal
me siento amado y valorado,positivo,siento amado valorado
me puse a trabajar en la computadora,neutral,puse trabajar computadora
me puse a trabajar en la computadora,neutral,puse trabajar computadora
me siento amado y valorado,positivo,siento amado valorado
estoy muy cansado y triste,negativo,cansado triste
siento mucha rabia por lo que pasó,negativo,siento mucha rabia pasó
almorcé lo de siempre,neutral,almorcé siempre
qué bonito día para salir,positivo,bonito día salir
almorcé lo de siempre,neutral,almorcé siempre
me siento con mucha energía,positivo,siento mucha energía
me siento agradecido,positivo,siento agradecido
vi televisión un rato,neutral,vi televisión rato
estoy frustrado,negativo,frustrado
hice las tareas normales del día,neutral,hice tareas normales día
odio que todo salga mal,negativo,odio salga mal
nada tiene sentido,negativo,
me siento agradecido,positivo,siento agradecido
almorcé lo de siempre,neutral,almorcé siempre
fui al supermercado,neutral,supermercado
estoy frustrado,negativo,frustrado
vi televisión un rato,neutral,vi televisión rato
salí a caminar un rato,neutral,salí caminar rato
hice las tareas normales del día,neutral,hice tareas normales día
"me duele todo, física y emocionalmente",negativo,duele física emocionalmente
me siento agradecido,positivo,siento agradecido
me puse a trabajar en la computadora,neutral,puse trabajar computadora
logré lo que me propuse,positivo,logré propuse
la música me pone de buen humor,positivo,música pone buen humor
vi televisión un rato,neutral,vi televisión rato
no pasó nada especial,neutral,pasó especial
hice las tareas normales del día,neutral,hice tareas normales día
hice las tareas normales del día,neutral,hice tareas normales día
me encontré con un vecino,neutral,encontré vecino
me siento con mucha energía,positivo,siento mucha energía
qué bonito día para salir,positivo,bonito día salir
estoy emocionado por la fiesta,positivo,emocionado fiesta
fui al supermercado,neutral,supermercado
me siento terrible,negativo,siento terrible
me siento con mucha energía,positivo,siento mucha energía
estoy frustrado,negativo,frustrado
almorcé lo de siempre,neutral,almorcé siempre
salí a caminar un rato,neutral,salí caminar rato
me encanta cuando todo sale bien,positivo,encanta sale bien
me siento agradecido,positivo,siento agradecido
me siento agradecido,positivo,siento agradecido
vi televisión un rato,neutral,vi televisión rato
"me duele todo, física y emocionalmente",negativo,duele física emocionalmente
almorcé lo de siempre,neutral,almorcé siempre
qué bonito día para salir,positivo,bonito día salir
salí a caminar un rato,neutral,salí caminar rato
me siento solo y vacío,negativo,siento solo vacío
me encontré con un vecino,neutral,encontré vecino
me puse a trabajar en la computadora,neutral,puse trabajar computadora
nada tiene sentido,negativo,
estoy frustrado,negativo,frustrado
estoy emocionado por la fiesta,positivo,emocionado fiesta
siento mucha rabia por lo que pasó,negativo,siento mucha rabia pasó
"me duele todo, física y emocionalmente",negativo,duele física emocionalmente
siento mucha rabia por lo que pasó,negativo,siento mucha rabia pasó
odio que todo salga mal,negativo,odio salga mal
vi televisión un rato,neutral,vi televisión rato
hoy fue un día cualquiera,neutral,hoy día cualquiera
me siento con mucha energía,positivo,siento mucha energía
la comida estuvo deliciosa,positivo,comida deliciosa
no pasó nada especial,neutral,pasó especial
nada tiene sentido,negativo,
me siento terrible,negativo,siento terrible
hoy estoy muy feliz,positivo,hoy feliz
logré lo que me propuse,positivo,logré propuse
hice las tareas normales del día,neutral,hice tareas normales día
me encanta cuando todo sale bien,positivo,encanta sale bien
me encontré con un vecino,neutral,encontré vecino
nada tiene sentido,negativo,
me siento amado y valorado,positivo,siento amado valorado
me siento terrible,negativo,siento terrible
me siento con mucha energía,positivo,siento mucha energía
me siento con mucha energía,positivo,siento mucha energía
estoy emocionado por la fiesta,positivo,emocionado fiesta
estoy muy cansado y triste,negativo,cansado triste
me siento con mucha energía,positivo,siento mucha energía
llovió un poco en la tarde,neutral,llovió tarde
"me duele todo, física y emocionalmente",negativo,duele física emocionalmente
hice las tareas normales del día,neutral,hice tareas normales día
vi televisión un rato,neutral,vi televisión rato
logré lo que me propuse,positivo,logré propuse
me siento terrible,negativo,siento terrible
"me duele todo, física y emocionalmente",negativo,duele física emocionalmente
"me duele todo, física y emocionalmente",negativo,duele física emocionalmente
estoy emocionado por la fiesta,positivo,emocionado fiesta
qué bonito día para salir,positivo,bonito día salir
me siento solo y vacío,negativo,siento solo vacío
estoy frustrado,negativo,frustrado
hoy estoy muy feliz,positivo,hoy feliz
estoy emocionado por la fiesta,positivo,emocionado fiesta
llovió un poco en la tarde,neutral,llovió tarde
"me duele todo, física y emocionalmente",negativo,duele física emocionalmente
almorcé lo de siempre,neutral,almorcé siempre
hoy fue un día cualquiera,neutral,hoy día cualquiera
logré lo que me propuse,positivo,logré propuse
qué día tan horrible,negativo,día tan horrible
estoy muy cansado y triste,negativo,cansado triste
me siento con mucha energía,positivo,siento mucha energía
todo me sale mal,negativo,sale mal
me encanta cuando todo sale bien,positivo,encanta sale bien
no pasó nada especial,neutral,pasó especial
la música me pone de buen humor,positivo,música pone buen humor
almorcé lo de siempre,neutral,almorcé siempre
me siento amado y valorado,positivo,siento amado valorado
estoy emocionado por la fiesta,positivo,emocionado fiesta
me puse a trabajar en la computadora,neutral,puse trabajar computadora
me encontré con un vecino,neutral,encontré vecino
odio que todo salga mal,negativo,odio salga mal
logré lo que me propuse,positivo,logré propuse
me siento con mucha energía,positivo,siento mucha energía
la música me pone de buen humor,positivo,música pone buen humor
me siento amado y valorado,positivo,siento amado valorado
hoy fue un día cualquiera,neutral,hoy día cualquiera
llovió un poco en la tarde,neutral,llovió tarde
me siento agradecido,positivo,siento agradecido
qué bonito día para salir,positivo,bonito día salir
me encontré con un vecino,neutral,encontré vecino
estoy emocionado por la fiesta,positivo,emocionado fiesta
no pasó nada especial,neutral,pasó especial
me siento amado y valorado,positivo,siento amado valorado
la comida estuvo deliciosa,positivo,comida deliciosa
estoy muy cansado y triste,negativo,cansado triste
"me duele todo, física y emocionalmente",negativo,duele física emocionalmente
me puse a trabajar en la computadora,neutral,puse trabajar computadora
me siento amado y valorado,positivo,siento amado valorado
siento mucha rabia por lo que pasó,negativo,siento mucha rabia pasó
me encanta cuando todo sale bien,positivo,encanta sale bien
vi televisión un rato,neutral,vi televisión rato
llovió un poco en la tarde,neutral,llovió tarde
qué día tan horrible,negativo,día tan horrible
me encontré con un vecino,neutral,encontré vecino
no pasó nada especial,neutral,pasó especial
salí a caminar un rato,neutral,salí caminar rato
hice las tareas normales del día,neutral,hice tareas normales día
vi televisión un rato,neutral,vi televisión rato
siento mucha rabia por lo que pasó,negativo,siento mucha rabia pasó
estoy emocionado por la fiesta,positivo,emocionado fiesta
todo me sale mal,negativo,sale mal
hoy estoy muy feliz,positivo,hoy feliz
almorcé lo de siempre,neutral,almorcé siempre
me siento con mucha energía,positivo,siento mucha energía
nada tiene sentido,negativo,
la comida estuvo deliciosa,positivo,comida deliciosa
me siento solo y vacío,negativo,siento solo vacío
vi televisión un rato,neutral,vi televisión rato
no pasó nada especial,neutral,pasó especial
me siento con mucha energía,positivo,siento mucha energía
llovió un poco en la tarde,neutral,llovió tarde
me encanta cuando todo sale bien,positivo,encanta sale bien
qué día tan horrible,negativo,día tan horrible
me encanta cuando todo sale bien,positivo,encanta sale bien
nada tiene sentido,negativo,
estoy muy cansado y triste,negativo,cansado triste
qué bonito día para salir,positivo,bonito día salir
no pasó nada especial,neutral,pasó especial
salí a caminar un rato,neutral,salí caminar rato
hice las tareas normales del día,neutral,hice tareas normales día
qué bonito día para salir,positivo,bonito día salir
me siento agradecido,positivo,siento agradecido
estoy muy cansado y triste,negativo,cansado triste
la música me pone de buen humor,positivo,música pone buen humor
me siento terrible,negativo,siento terrible
qué día tan horrible,negativo,día tan horrible
qué día tan horrible,negativo,día tan horrible
estoy muy cansado y triste,negativo,cansado triste
la comida estuvo deliciosa,positivo,comida deliciosa
la música me pone de buen humor,positivo,música pone buen humor
me siento solo y vacío,negativo,siento solo vacío
estoy emocionado por la fiesta,positivo,emocionado fiesta
qué día tan horrible,negativo,día tan horrible
salí a caminar un rato,neutral,salí caminar rato
vi televisión un rato,neutral,vi televisión rato
fui al supermercado,neutral,supermercado
siento mucha rabia por lo que pasó,negativo,siento mucha rabia pasó
llovió un poco en la tarde,neutral,llovió tarde
"me duele todo, física y emocionalmente",negativo,duele física emocionalmente
vi televisión un rato,neutral,vi televisión rato
estoy emocionado por la fiesta,positivo,emocionado fiesta
nada tiene sentido,negativo,
salí a caminar un rato,neutral,salí caminar rato
estoy muy cansado y triste,negativo,cansado triste
estoy emocionado por la fiesta,positivo,emocionado fiesta
me encontré con un vecino,neutral,encontré vecino
no pasó nada especial,neutral,pasó especial
fui al supermercado,neutral,supermercado
me puse a trabajar en la computadora,neutral,puse trabajar computadora
almorcé lo de siempre,neutral,almorcé siempre
todo me sale mal,negativo,sale mal
me encontré con un vecino,neutral,encontré vecino
fui al supermercado,neutral,supermercado
logré lo que me propuse,positivo,logré propuse
la comida estuvo deliciosa,positivo,comida deliciosa
me siento agradecido,positivo,siento agradecido
odio que todo salga mal,negativo,odio salga mal
me puse a trabajar en la computadora,neutral,puse trabajar computadora
llovió un poco en la tarde,neutral,llovió tarde
estoy frustrado,negativo,frustrado
qué bonito día para salir,positivo,bonito día salir
me siento amado y valorado,positivo,siento amado valorado
no pasó nada especial,neutral,pasó especial
la comida estuvo deliciosa,positivo,comida deliciosa
vi televisión un rato,neutral,vi televisión rato
llovió un poco en la tarde,neutral,llovió tarde
nada tiene sentido,negativo,
todo me sale mal,negativo,sale mal
me encanta cuando todo sale bien,positivo,encanta sale bien
odio que todo salga mal,negativo,odio salga mal
odio que todo salga mal,negativo,odio salga mal
la comida estuvo deliciosa,positivo,comida deliciosa
odio que todo salga mal,negativo,odio salga mal
almorcé lo de siempre,neutral,almorcé siempre
fui al supermercado,neutral,supermercado
estoy emocionado por la fiesta,positivo,emocionado fiesta
me siento solo y vacío,negativo,siento solo vacío
no pasó nada especial,neutral,pasó especial
qué bonito día para salir,positivo,bonito día salir
almorcé lo de siempre,neutral,almorcé siempre
me encontré con un vecino,neutral,encontré vecino
me encanta cuando todo sale bien,positivo,encanta sale bien
estoy frustrado,negativo,frustrado
la comida estuvo deliciosa,positivo,comida deliciosa
estoy muy cansado y triste,negativo,cansado triste
me puse a trabajar en la computadora,neutral,puse trabajar computadora
siento mucha rabia por lo que pasó,negativo,siento mucha rabia pasó
hoy estoy muy feliz,positivo,hoy feliz
estoy frustrado,negativo,frustrado
me siento agradecido,positivo,siento agradecido
me siento solo y vacío,negativo,siento solo vacío
me siento amado y valorado,positivo,siento amado valorado
la música me pone de buen humor,positivo,música pone buen humor
la música me pone de buen humor,positivo,música pone buen humor
me siento agradecido,positivo,siento agradecido
"me duele todo, física y emocionalmente",negativo,duele física emocionalmente
me siento agradecido,positivo,siento agradecido
la música me pone de buen humor,positivo,música pone buen humor
fui al supermercado,neutral,supermercado
me encanta cuando todo sale bien,positivo,encanta sale bien
nada tiene sentido,negativo,
logré lo que me propuse,positivo,logré propuse
hoy estoy muy feliz,positivo,hoy feliz
me siento terrible,negativo,siento terrible
la comida estuvo deliciosa,positivo,comida deliciosa
estoy emocionado por la fiesta,positivo,emocionado fiesta
todo me sale mal,negativo,sale mal
"me duele todo, física y emocionalmente",negativo,duele física emocionalmente
la comida estuvo deliciosa,positivo,comida deliciosa
hice las tareas normales del día,neutral,hice tareas normales día
hoy fue un día cualquiera,neutral,hoy día cualquiera
todo me sale mal,negativo,sale mal
no pasó nada especial,neutral,pasó especial
fui al supermercado,neutral,supermercado
me siento terrible,negativo,siento terrible
hice las tareas normales del día,neutral,hice tareas normales día
"me duele todo, física y emocionalmente",negativo,duele física emocionalmente
fui al supermercado,neutral,supermercado
me encanta cuando todo sale bien,positivo,encanta sale bien
todo me sale mal,negativo,sale mal
siento mucha rabia por lo que pasó,negativo,siento mucha rabia pasó
qué bonito día para salir,positivo,bonito día salir
nada tiene sentido,negativo,
me siento solo y vacío,negativo,siento solo vacío
estoy emocionado por la fiesta,positivo,emocionado fiesta
qué día tan horrible,negativo,día tan horrible
me siento con mucha energía,positivo,siento mucha energía
me encanta cuando todo sale bien,positivo,encanta sale bien
salí a caminar un rato,neutral,salí caminar rato
hice las tareas normales del día,neutral,hice tareas normales día
almorcé lo de siempre,neutral,almorcé siempre
salí a caminar un rato,neutral,salí caminar rato
la comida estuvo deliciosa,positivo,comida deliciosa
qué día tan horrible,negativo,día tan horrible
almorcé lo de siempre,neutral,almorcé siempre
vi televisión un rato,neutral,vi televisión rato
estoy muy cansado y triste,negativo,cansado triste
qué bonito día para salir,positivo,bonito día salir
qué día tan horrible,negativo,día tan horrible
fui al supermercado,neutral,supermercado
no pasó nada especial,neutral,pasó especial
salí a caminar un rato,neutral,salí caminar rato
me encontré con un vecino,neutral,encontré vecino
odio que todo salga mal,negativo,odio salga mal
estoy frustrado,negativo,frustrado
me siento solo y vacío,negativo,siento solo vacío
vi televisión un rato,neutral,vi televisión rato
siento mucha rabia por lo que pasó,negativo,siento mucha rabia pasó
me siento solo y vacío,negativo,siento solo vacío
me siento amado y valorado,positivo,siento amado valorado
estoy emocionado por la fiesta,positivo,emocionado fiesta
vi televisión un rato,neutral,vi televisión rato
la comida estuvo deliciosa,positivo,comida deliciosa
me siento agradecido,positivo,siento agradecido
la música me pone de buen humor,positivo,música pone buen humor
la música me pone de buen humor,positivo,música pone buen humor
salí a caminar un rato,neutral,salí caminar rato
me siento solo y vacío,negativo,siento solo vacío
me siento agradecido,positivo,siento agradecido
"me duele todo, física y emocionalmente",negativo,duele física emocionalmente
hoy fue un día cualquiera,neutral,hoy día cualquiera
me siento con mucha energía,positivo,siento mucha energía
salí a caminar un rato,neutral,salí caminar rato
me encanta cuando todo sale bien,positivo,encanta sale bien
me puse a trabajar en la computadora,neutral,puse trabajar computadora
salí a caminar un rato,neutral,salí caminar rato
almorcé lo de siempre,neutral,almorcé siempre
no pasó nada especial,neutral,pasó especial
no pasó nada especial,neutral,pasó especial
hoy fue un día cualquiera,neutral,hoy día cualquiera
me encanta cuando todo sale bien,positivo,encanta sale bien
odio que todo salga mal,negativo,odio salga mal
siento mucha rabia por lo que pasó,negativo,siento mucha rabia pasó
no pasó nada especial,neutral,pasó especial
hoy fue un día cualquiera,neutral,hoy día cualquiera
estoy emocionado por la fiesta,positivo,emocionado fiesta
me siento solo y vacío,negativo,siento solo vacío
llovió un poco en la tarde,neutral,llovió tarde
estoy emocionado por la fiesta,positivo,emocionado fiesta
me siento agradecido,positivo,siento agradecido
todo me sale mal,negativo,sale mal
fui al supermercado,neutral,supermercado
llovió un poco en la tarde,neutral,llovió tarde
todo me sale mal,negativo,sale mal
me encontré con un vecino,neutral,encontré vecino
fui al supermercado,neutral,supermercado
la música me pone de buen humor,positivo,música pone buen humor
estoy muy cansado y triste,negativo,cansado triste
fui al supermercado,neutral,supermercado
qué bonito día para salir,positivo,bonito día salir
estoy frustrado,negativo,frustrado
me siento terrible,negativo,siento terrible
me puse a trabajar en la computadora,neutral,puse trabajar computadora
hice las tareas normales del día,neutral,hice tareas normales día
fui al supermercado,neutral,supermercado
me siento terrible,negativo,siento terrible
qué día tan horrible,negativo,día tan horrible
no pasó nada especial,neutral,pasó especial
todo me sale mal,negativo,sale mal
todo me sale mal,negativo,sale mal
me siento solo y vacío,negativo,siento solo vacío
siento mucha rabia por lo que pasó,negativo,siento mucha rabia pasó
llovió un poco en la tarde,neutral,llovió tarde
estoy frustrado,negativo,frustrado
hoy fue un día cualquiera,neutral,hoy día cualquiera
hice las tareas normales del día,neutral,hice tareas normales día
fui al supermercado,neutral,supermercado
nada tiene sentido,negativo,
no pasó nada especial,neutral,pasó especial
no pasó nada especial,neutral,pasó especial
fui al supermercado,neutral,supermercado
estoy frustrado,negativo,frustrado
odio que todo salga mal,negativo,odio salga mal
me encontré con un vecino,neutral,encontré vecino
salí a caminar un rato,neutral,salí caminar rato
logré lo que me propuse,positivo,logré propuse
nada tiene sentido,negativo,
estoy emocionado por la fiesta,positivo,emocionado fiesta
almorcé lo de siempre,neutral,almorcé siempre
me encontré con un vecino,neutral,encontré vecino
qué día tan horrible,negativo,día tan horrible
hoy estoy muy feliz,positivo,hoy feliz
me siento terrible,negativo,siento terrible
estoy emocionado por la fiesta,positivo,emocionado fiesta
me siento terrible,negativo,siento terrible
la comida estuvo deliciosa,positivo,comida deliciosa
qué día tan horrible,negativo,día tan horrible
no pasó nada especial,neutral,pasó especial
me siento con mucha energía,positivo,siento mucha energía
me encontré con un vecino,neutral,encontré vecino
me encontré con un vecino,neutral,encontré vecino
la música me pone de buen humor,positivo,música pone buen humor
almorcé lo de siempre,neutral,almorcé siempre
salí a caminar un rato,neutral,salí caminar rato
me encontré con un vecino,neutral,encontré vecino
"me duele todo, física y emocionalmente",negativo,duele física emocionalmente
la música me pone de buen humor,positivo,música pone buen humor
vi televisión un rato,neutral,vi televisión rato
estoy emocionado por la fiesta,positivo,emocionado fiesta
almorcé lo de siempre,neutral,almorcé siempre
siento mucha rabia por lo que pasó,negativo,siento mucha rabia pasó
hice las tareas normales del día,neutral,hice tareas normales día
me siento agradecido,positivo,siento agradecido
estoy frustrado,negativo,frustrado
me encanta cuando todo sale bien,positivo,encanta sale bien
"me duele todo, física y emocionalmente",negativo,duele física emocionalmente
me puse a trabajar en la computadora,neutral,puse trabajar computadora
logré lo que me propuse,positivo,logré propuse
fui al supermercado,neutral,supermercado
la comida estuvo deliciosa,positivo,comida deliciosa
me siento terrible,negativo,siento terrible
logré lo que me propuse,positivo,logré propuse
llovió un poco en la tarde,neutral,llovió tarde
la comida estuvo deliciosa,positivo,comida deliciosa
almorcé lo de siempre,neutral,almorcé siempre
me siento solo y vacío,negativo,siento solo vacío
me puse a trabajar en la computadora,neutral,puse trabajar computadora
almorcé lo de siempre,neutral,almorcé siempre
hoy fue un día cualquiera,neutral,hoy día cualquiera
me encontré con un vecino,neutral,encontré vecino
la comida estuvo deliciosa,positivo,comida deliciosa
vi televisión un rato,neutral,vi televisión rato
siento mucha rabia por lo que pasó,negativo,siento mucha rabia pasó
me siento con mucha energía,positivo,siento mucha energía
hoy fue un día cualquiera,neutral,hoy día cualquiera
hoy estoy muy feliz,positivo,hoy feliz
me siento terrible,negativo,siento terrible
me siento solo y vacío,negativo,siento solo vacío
qué día tan horrible,negativo,día tan horrible
vi televisión un rato,neutral,vi televisión rato
salí a caminar un rato,neutral,salí caminar rato
me siento solo y vacío,negativo,siento solo vacío
me encontré con un vecino,neutral,encontré vecino
me siento solo y vacío,negativo,siento solo vacío
me siento terrible,negativo,siento terrible
me siento terrible,negativo,siento terrible
estoy emocionado por la fiesta,positivo,emocionado fiesta
qué día tan horrible,negativo,día tan horrible
hice las tareas normales del día,neutral,hice tareas normales día
almorcé lo de siempre,neutral,almorcé siempre
me encanta cuando todo sale bien,positivo,encanta sale bien
llovió un poco en la tarde,neutral,llovió tarde
todo me sale mal,negativo,sale mal
me siento agradecido,positivo,siento agradecido
hoy fue un día cualquiera,neutral,hoy día cualquiera
qué día tan horrible,negativo,día tan horrible
la música me pone de buen humor,positivo,música pone buen humor
todo me sale mal,negativo,sale mal
hice las tareas normales del día,neutral,hice tareas normales día
vi televisión un rato,neutral,vi televisión rato
salí a caminar un rato,neutral,salí caminar rato
fui al supermercado,neutral,supermercado
me encontré con un vecino,neutral,encontré vecino
hoy estoy muy feliz,positivo,hoy feliz
me siento solo y vacío,negativo,siento solo vacío
me encontré con un vecino,neutral,encontré vecino
estoy emocionado por la fiesta,positivo,emocionado fiesta
qué bonito día para salir,positivo,bonito día salir
la comida estuvo deliciosa,positivo,comida deliciosa
salí a caminar un rato,neutral,salí caminar rato
me siento con mucha energía,positivo,siento mucha energía
me encanta cuando todo sale bien,positivo,encanta sale bien
me siento terrible,negativo,siento terrible
todo me sale mal,negativo,sale mal
nada tiene sentido,negativo,
me siento solo y vacío,negativo,siento solo vacío
me siento agradecido,positivo,siento agradecido
me siento agradecido,positivo,siento agradecido
estoy muy cansado y triste,negativo,cansado triste
estoy muy cansado y triste,negativo,cansado triste
estoy emocionado por la fiesta,positivo,emocionado fiesta
logré lo que me propuse,positivo,logré propuse
me siento con mucha energía,positivo,siento mucha energía
siento mucha rabia por lo que pasó,negativo,siento mucha rabia pasó
me encontré con un vecino,neutral,encontré vecino
no pasó nada especial,neutral,pasó especial
no pasó nada especial,neutral,pasó especial
me siento terrible,negativo,siento terrible
me siento con mucha energía,positivo,siento mucha energía
me encanta cuando todo sale bien,positivo,encanta sale bien
llovió un poco en la tarde,neutral,llovió tarde
estoy muy cansado y triste,negativo,cansado triste
siento mucha rabia por lo que pasó,negativo,siento mucha rabia pasó
siento mucha rabia por lo que pasó,negativo,siento mucha rabia pasó
me siento amado y valorado,positivo,siento amado valorado
me encontré con un vecino,neutral,encontré vecino
hoy fue un día cualquiera,neutral,hoy día cualquiera
la comida estuvo deliciosa,positivo,comida deliciosa
nada tiene sentido,negativo,
qué bonito día para salir,positivo,bonito día salir
me siento con mucha energía,positivo,siento mucha energía
me encanta cuando todo sale bien,positivo,encanta sale bien
la comida estuvo deliciosa,positivo,comida deliciosa
estoy muy cansado y triste,negativo,cansado triste
"me duele todo, física y emocionalmente",negativo,duele física emocionalmente
me siento con mucha energía,positivo,siento mucha energía
siento mucha rabia por lo que pasó,negativo,siento mucha rabia pasó
la música me pone de buen humor,positivo,música pone buen humor
me puse a trabajar en la computadora,neutral,puse trabajar computadora
estoy muy cansado y triste,negativo,cansado triste
hice las tareas normales del día,neutral,hice tareas normales día
"me duele todo, física y emocionalmente",negativo,duele física emocionalmente
almorcé lo de siempre,neutral,almorcé siempre
hice las tareas normales del día,neutral,hice tareas normales día
no pasó nada especial,neutral,pasó especial
me siento amado y valorado,positivo,siento amado valorado
no pasó nada especial,neutral,pasó especial
me siento agradecido,positivo,siento agradecido
me siento terrible,negativo,siento terrible
almorcé lo de siempre,neutral,almorcé siempre
logré lo que me propuse,positivo,logré propuse
odio que todo salga mal,negativo,odio salga mal
me siento con mucha energía,positivo,siento mucha energía
qué día tan horrible,negativo,día tan horrible
logré lo que me propuse,positivo,logré propuse
me siento con mucha energía,positivo,siento mucha energía
odio que todo salga mal,negativo,odio salga mal
almorcé lo de siempre,neutral,almorcé siempre
todo me sale mal,negativo,sale mal
me encanta cuando todo sale bien,positivo,encanta sale bien
me siento con mucha energía,positivo,siento mucha energía
qué día tan horrible,negativo,día tan horrible
nada tiene sentido,negativo,
me encanta cuando todo sale bien,positivo,encanta sale bien
"me duele todo, física y emocionalmente",negativo,duele física emocionalmente
la comida estuvo deliciosa,positivo,comida deliciosa
no pasó nada especial,neutral,pasó especial
estoy muy cansado y triste,negativo,cansado triste
vi televisión un rato,neutral,vi televisión rato
me siento con mucha energía,positivo,siento mucha energía
estoy muy cansado y triste,negativo,cansado triste
me encanta cuando todo sale bien,positivo,encanta sale bien
hoy fue un día cualquiera,neutral,hoy día cualquiera
"me duele todo, física y emocionalmente",negativo,duele física emocionalmente
me puse a trabajar en la computadora,neutral,puse trabajar computadora
me siento amado y valorado,positivo,siento amado valorado
me siento con mucha energía,positivo,siento mucha energía
no pasó nada especial,neutral,pasó especial
llovió un poco en la tarde,neutral,llovió tarde
llovió un poco en la tarde,neutral,llovió tarde
me siento con mucha energía,positivo,siento mucha energía
salí a caminar un rato,neutral,salí caminar rato
me encontré con un vecino,neutral,encontré vecino
vi televisión un rato,neutral,vi televisión rato
almorcé lo de siempre,neutral,almorcé siempre
hoy fue un día cualquiera,neutral,hoy día cualquiera
me siento solo y vacío,negativo,siento solo vacío
me encanta cuando todo sale bien,positivo,encanta sale bien
almorcé lo de siempre,neutral,almorcé siempre
hice las tareas normales del día,neutral,hice tareas normales día
hoy fue un día cualquiera,neutral,hoy día cualquiera
logré lo que me propuse,positivo,logré propuse
almorcé lo de siempre,neutral,almorcé siempre
logré lo que me propuse,positivo,logré propuse
hoy estoy muy feliz,positivo,hoy feliz
qué día tan horrible,negativo,día tan horrible
siento mucha rabia por lo que pasó,negativo,siento mucha rabia pasó
hoy fue un día cualquiera,neutral,hoy día cualquiera
estoy emocionado por la fiesta,positivo,emocionado fiesta
hoy fue un día cualquiera,neutral,hoy día cualquiera
qué día tan horrible,negativo,día tan horrible
siento mucha rabia por lo que pasó,negativo,siento mucha rabia pasó
todo me sale mal,negativo,sale mal
me puse a trabajar en la computadora,neutral,puse trabajar computadora
qué día tan horrible,negativo,día tan horrible
me siento solo y vacío,negativo,siento solo vacío
llovió un poco en la tarde,neutral,llovió tarde
estoy frustrado,negativo,frustrado
llovió un poco en la tarde,neutral,llovió tarde
no pasó nada especial,neutral,pasó especial
nada tiene sentido,negativo,
estoy frustrado,negativo,frustrado
hice las tareas normales del día,neutral,hice tareas normales día
qué día tan horrible,negativo,día tan horrible
estoy emocionado por la fiesta,positivo,emocionado fiesta
me encanta cuando todo sale bien,positivo,encanta sale bien
siento mucha rabia por lo que pasó,negativo,siento mucha rabia pasó
me siento con mucha energía,positivo,siento mucha energía
hoy fue un día cualquiera,neutral,hoy día cualquiera
llovió un poco en la tarde,neutral,llovió tarde
me siento con mucha energía,positivo,siento mucha energía
hoy fue un día cualquiera,neutral,hoy día cualquiera
me siento terrible,negativo,siento terrible
"me duele todo, física y emocionalmente",negativo,duele física emocionalmente
qué bonito día para salir,positivo,bonito día salir
estoy muy cansado y triste,negativo,cansado triste
todo me sale mal,negativo,sale mal
me siento solo y vacío,negativo,siento solo vacío
todo me sale mal,negativo,sale mal
me siento terrible,negativo,siento terrible
almorcé lo de siempre,neutral,almorcé siempre
"me duele todo, física y emocionalmente",negativo,duele física emocionalmente
hice las tareas normales del día,neutral,hice tareas normales día
me siento con mucha energía,positivo,siento mucha energía
siento mucha rabia por lo que pasó,negativo,siento mucha rabia pasó
me puse a trabajar en la computadora,neutral,puse trabajar computadora
estoy frustrado,negativo,frustrado
me encanta cuando todo sale bien,positivo,encanta sale bien
siento mucha rabia por lo que pasó,negativo,siento mucha rabia pasó
hoy estoy muy feliz,positivo,hoy feliz
me siento agradecido,positivo,siento agradecido
todo me sale mal,negativo,sale mal
"me duele todo, física y emocionalmente",negativo,duele física emocionalmente
me siento terrible,negativo,siento terrible
"me duele todo, física y emocionalmente",negativo,duele física emocionalmente
la comida estuvo deliciosa,positivo,comida deliciosa
no pasó nada especial,neutral,pasó especial
estoy frustrado,negativo,frustrado
no pasó nada especial,neutral,pasó especial
me encontré con un vecino,neutral,encontré vecino
"me duele todo, física y emocionalmente",negativo,duele física emocionalmente
me siento agradecido,positivo,siento agradecido
todo me sale mal,negativo,sale mal
todo me sale mal,negativo,sale mal
estoy frustrado,negativo,frustrado
qué día tan horrible,negativo,día tan horrible
me siento amado y valorado,positivo,siento amado valorado
almorcé lo de siempre,neutral,almorcé siempre
almorcé lo de siempre,neutral,almorcé siempre
vi televisión un rato,neutral,vi televisión rato
todo me sale mal,negativo,sale mal
me encontré con un vecino,neutral,encontré vecino
todo me sale mal,negativo,sale mal
"me duele todo, física y emocionalmente",negativo,duele física emocionalmente
estoy frustrado,negativo,frustrado
me siento agradecido,positivo,siento agradecido
siento mucha rabia por lo que pasó,negativo,siento mucha rabia pasó
logré lo que me propuse,positivo,logré propuse
estoy frustrado,negativo,frustrado
no pasó nada especial,neutral,pasó especial
no pasó nada especial,neutral,pasó especial
hoy estoy muy feliz,positivo,hoy feliz
logré lo que me propuse,positivo,logré propuse
me encanta cuando todo sale bien,positivo,encanta sale bien
me siento amado y valorado,positivo,siento amado valorado
qué día tan horrible,negativo,día tan horrible
la comida estuvo deliciosa,positivo,comida deliciosa
no pasó nada especial,neutral,pasó especial
todo me sale mal,negativo,sale mal
fui al supermercado,neutral,supermercado
todo me sale mal,negativo,sale mal
qué día tan horrible,negativo,día tan horrible
salí a caminar un rato,neutral,salí caminar rato
me encontré con un vecino,neutral,encontré vecino
hoy fue un día cualquiera,neutral,hoy día cualquiera
todo me sale mal,negativo,sale mal
vi televisión un rato,neutral,vi televisión rato
estoy frustrado,negativo,frustrado
me siento amado y valorado,positivo,siento amado valorado
me siento agradecido,positivo,siento agradecido
me encanta cuando todo sale bien,positivo,encanta sale bien
la música me pone de buen humor,positivo,música pone buen humor
qué día tan horrible,negativo,día tan horrible
estoy emocionado por la fiesta,positivo,emocionado fiesta
qué bonito día para salir,positivo,bonito día salir
qué día tan horrible,negativo,día tan horrible
me siento amado y valorado,positivo,siento amado valorado
me encanta cuando todo sale bien,positivo,encanta sale bien
"me duele todo, física y emocionalmente",negativo,duele física emocionalmente
hoy fue un día cualquiera,neutral,hoy día cualquiera
odio que todo salga mal,negativo,odio salga mal
llovió un poco en la tarde,neutral,llovió tarde
me puse a trabajar en la computadora,neutral,puse trabajar computadora
la comida estuvo deliciosa,positivo,comida deliciosa
estoy emocionado por la fiesta,positivo,emocionado fiesta
nada tiene sentido,negativo,
siento mucha rabia por lo que pasó,negativo,siento mucha rabia pasó
me encontré con un vecino,neutral,encontré vecino
me siento solo y vacío,negativo,siento solo vacío
almorcé lo de siempre,neutral,almorcé siempre
me siento terrible,negativo,siento terrible
hoy estoy muy feliz,positivo,hoy feliz
vi televisión un rato,neutral,vi televisión rato
no pasó nada especial,neutral,pasó especial
hice las tareas normales del día,neutral,hice tareas normales día
nada tiene sentido,negativo,
estoy frustrado,negativo,frustrado
llovió un poco en la tarde,neutral,llovió tarde
me encontré con un vecino,neutral,encontré vecino
hoy estoy muy feliz,positivo,hoy feliz
la música me pone de buen humor,positivo,música pone buen humor
me siento con mucha energía,positivo,siento mucha energía
qué bonito día para salir,positivo,bonito día salir
odio que todo salga mal,negativo,odio salga mal
no pasó nada especial,neutral,pasó especial
me encontré con un vecino,neutral,encontré vecino
hice las tareas normales del día,neutral,hice tareas normales día
la comida estuvo deliciosa,positivo,comida deliciosa
logré lo que me propuse,positivo,logré propuse
estoy muy cansado y triste,negativo,cansado triste
me encontré con un vecino,neutral,encontré vecino
llovió un poco en la tarde,neutral,llovió tarde
me encanta cuando todo sale bien,positivo,encanta sale bien
me siento solo y vacío,negativo,siento solo vacío
llovió un poco en la tarde,neutral,llovió tarde
salí a caminar un rato,neutral,salí caminar rato
la comida estuvo deliciosa,positivo,comida deliciosa
no pasó nada especial,neutral,pasó especial
me siento solo y vacío,negativo,siento solo vacío
fui al supermercado,neutral,supermercado
"me duele todo, física y emocionalmente",negativo,duele física emocionalmente
qué día tan horrible,negativo,día tan horrible
me puse a trabajar en la computadora,neutral,puse trabajar computadora
me siento agradecido,positivo,siento agradecido
la música me pone de buen humor,positivo,música pone buen humor
hice las tareas normales del día,neutral,hice tareas normales día
hoy estoy muy feliz,positivo,hoy feliz
vi televisión un rato,neutral,vi televisión rato
llovió un poco en la tarde,neutral,llovió tarde
estoy muy cansado y triste,negativo,cansado triste
fui al supermercado,neutral,supermercado
vi televisión un rato,neutral,vi televisión rato
nada tiene sentido,negativo,
me siento con mucha energía,positivo,siento mucha energía
me siento solo y vacío,negativo,siento solo vacío
qué bonito día para salir,positivo,bonito día salir
logré lo que me propuse,positivo,logré propuse
fui al supermercado,neutral,supermercado
nada tiene sentido,negativo,
me encontré con un vecino,neutral,encontré vecino
estoy muy cansado y triste,negativo,cansado triste
hoy fue un día cualquiera,neutral,hoy día cualquiera
me siento amado y valorado,positivo,siento amado valorado
qué bonito día para salir,positivo,bonito día salir
me siento terrible,negativo,siento terrible
me siento solo y vacío,negativo,siento solo vacío
me encanta cuando todo sale bien,positivo,encanta sale bien
odio que todo salga mal,negativo,odio salga mal
me siento amado y valorado,positivo,siento amado valorado
me siento solo y vacío,negativo,siento solo vacío
me encontré con un vecino,neutral,encontré vecino
me puse a trabajar en la computadora,neutral,puse trabajar computadora
logré lo que me propuse,positivo,logré propuse
me encontré con un vecino,neutral,encontré vecino
nada tiene sentido,negativo,
la música me pone de buen humor,positivo,música pone buen humor
odio que todo salga mal,negativo,odio salga mal
me puse a trabajar en la computadora,neutral,puse trabajar computadora
nada tiene sentido,negativo,
logré lo que me propuse,positivo,logré propuse
la música me pone de buen humor,positivo,música pone buen humor
odio que todo salga mal,negativo,odio salga mal
nada tiene sentido,negativo,
logré lo que me propuse,positivo,logré propuse
nada tiene sentido,negativo,
me siento agradecido,positivo,siento agradecido
hoy estoy muy feliz,positivo,hoy feliz
la comida estuvo deliciosa,positivo,comida deliciosa
hoy fue un día cualquiera,neutral,hoy día cualquiera
me siento terrible,negativo,siento terrible
me siento solo y vacío,negativo,siento solo vacío
no pasó nada especial,neutral,pasó especial
me puse a trabajar en la computadora,neutral,puse trabajar computadora
qué bonito día para salir,positivo,bonito día salir
qué bonito día para salir,positivo,bonito día salir
vi televisión un rato,neutral,vi televisión rato
me encontré con un vecino,neutral,encontré vecino
qué bonito día para salir,positivo,bonito día salir
nada tiene sentido,negativo,
vi televisión un rato,neutral,vi televisión rato
estoy frustrado,negativo,frustrado
hice las tareas normales del día,neutral,hice tareas normales día
estoy emocionado por la fiesta,positivo,emocionado fiesta
vi televisión un rato,neutral,vi televisión rato
hoy estoy muy feliz,positivo,hoy feliz
me encanta cuando todo sale bien,positivo,encanta sale bien
vi televisión un rato,neutral,vi televisión rato
"me duele todo, física y emocionalmente",negativo,duele física emocionalmente
la música me pone de buen humor,positivo,música pone buen humor
hice las tareas normales del día,neutral,hice tareas normales día
me encontré con un vecino,neutral,encontré vecino
me encontré con un vecino,neutral,encontré vecino
hoy fue un día cualquiera,neutral,hoy día cualquiera
llovió un poco en la tarde,neutral,llovió tarde
odio que todo salga mal,negativo,odio salga mal
fui al supermercado,neutral,supermercado
me siento con mucha energía,positivo,siento mucha energía
odio que todo salga mal,negativo,odio salga mal
hoy fue un día cualquiera,neutral,hoy día cualquiera
hoy estoy muy feliz,positivo,hoy feliz
logré lo que me propuse,positivo,logré propuse
la comida estuvo deliciosa,positivo,comida deliciosa
hice las tareas normales del día,neutral,hice tareas normales día
estoy emocionado por la fiesta,positivo,emocionado fiesta
qué día tan horrible,negativo,día tan horrible
qué bonito día para salir,positivo,bonito día salir
me encanta cuando todo sale bien,positivo,encanta sale bien
vi televisión un rato,neutral,vi televisión rato
qué bonito día para salir,positivo,bonito día salir
me puse a trabajar en la computadora,neutral,puse trabajar computadora
